Date time,Temperature,,,
1/1/11,68.9,,,
1/2/11,66.4,,,
1/3/11,68.7,,,
1/4/11,71.4,,,
1/5/11,69.3,,,
1/6/11,68.5,,,
1/7/11,66.5,,,
1/8/11,67.2,,,
1/9/11,68.7,,,
1/10/11,68.9,,,
1/11/11,65.7,,,
1/12/11,65.6,,,
1/13/11,67.1,,,
1/14/11,66.8,,,
1/15/11,66.5,,,
1/16/11,66.5,,,
1/17/11,68.2,,,
1/18/11,68.7,,,
1/19/11,68.9,,,
1/20/11,71.4,,,
1/21/11,71.5,,,
1/22/11,70.7,,,
1/23/11,70.3,,,
1/24/11,70.1,,,
1/25/11,70.4,,,
1/26/11,72.2,,,
1/27/11,74.4,,,
1/28/11,72.7,,,
1/29/11,69.8,,,
1/30/11,71.2,,,
1/31/11,72.2,,,
2/1/11,71.9,,,
2/2/11,72.5,,,
2/3/11,72.7,,,
2/4/11,71.2,,,
2/5/11,71.3,,,
2/6/11,73.7,,,
2/7/11,70.2,,,
2/8/11,70.4,,,
2/9/11,69.9,,,
2/10/11,70.4,,,
2/11/11,71.7,,,
2/12/11,72.9,,,
2/13/11,71.2,,,
2/14/11,70.7,,,
2/15/11,69.6,,,
2/16/11,69.6,,,
2/17/11,70,,,
2/18/11,68.5,,,
2/19/11,68.8,,,
2/20/11,68.3,,,
2/21/11,69.6,,,
2/22/11,73.5,,,
2/23/11,73.3,,,
2/24/11,73,,,
2/25/11,71.9,,,
2/26/11,72.2,,,
2/27/11,74.5,,,
2/28/11,76.9,,,
3/1/11,75.8,,,
3/2/11,75.5,,,
3/3/11,77.6,,,
3/4/11,78.1,,,
3/5/11,77.7,,,
3/6/11,78.8,,,
3/7/11,81.1,,,
3/8/11,79.4,,,
3/9/11,78.4,,,
3/10/11,79.6,,,
3/11/11,77.6,,,
3/12/11,79.1,,,
3/13/11,79.2,,,
3/14/11,79.2,,,
3/15/11,80.4,,,
3/16/11,80.3,,,
3/17/11,81.1,,,
3/18/11,79.2,,,
3/19/11,77.2,,,
3/20/11,77.4,,,
3/21/11,76.8,,,
3/22/11,77.6,,,
3/23/11,78.1,,,
3/24/11,78.2,,,
3/25/11,79.1,,,
3/26/11,79.1,,,
3/27/11,80.2,,,
3/28/11,80.5,,,
3/29/11,80.3,,,
3/30/11,80.1,,,
3/31/11,80.3,,,
4/1/11,83.3,,,
4/2/11,79.4,,,
4/3/11,77,,,
4/4/11,75.1,,,
4/5/11,74.7,,,
4/6/11,77.4,,,
4/7/11,78.4,,,
4/8/11,81.5,,,
4/9/11,80.8,,,
4/10/11,79.4,,,
4/11/11,81.1,,,
4/12/11,81.2,,,
4/13/11,78.6,,,
4/14/11,76.1,,,
4/15/11,77.3,,,
4/16/11,78.6,,,
4/17/11,77.8,,,
4/18/11,81.3,,,
4/19/11,80.1,,,
4/20/11,80,,,
4/21/11,79.9,,,
4/22/11,79,,,
4/23/11,78.5,,,
4/24/11,77,,,
4/25/11,78.5,,,
4/26/11,81.1,,,
4/27/11,82.6,,,
4/28/11,79.1,,,
4/29/11,79.8,,,
4/30/11,78,,,
5/1/11,76.1,,,
5/2/11,79.1,,,
5/3/11,79.3,,,
5/4/11,79.4,,,
5/5/11,80,,,
5/6/11,77.7,,,
5/7/11,77.1,,,
5/8/11,77.2,,,
5/9/11,79,,,
5/10/11,78.7,,,
5/11/11,80.6,,,
5/12/11,80.3,,,
5/13/11,80.6,,,
5/14/11,81.6,,,
5/15/11,79.7,,,
5/16/11,82.2,,,
5/17/11,80.9,,,
5/18/11,77.9,,,
5/19/11,78.6,,,
5/20/11,77.1,,,
5/21/11,77.3,,,
5/22/11,78.9,,,
5/23/11,80.3,,,
5/24/11,80.5,,,
5/25/11,80.2,,,
5/26/11,78.9,,,
5/27/11,77.6,,,
5/28/11,77.2,,,
5/29/11,79,,,
5/30/11,77.9,,,
5/31/11,79.6,,,
6/1/11,78.7,,,
6/2/11,74.2,,,
6/3/11,73.6,,,
6/4/11,73.6,,,
6/5/11,73.6,,,
6/6/11,74,,,
6/7/11,75.1,,,
6/8/11,73.6,,,
6/9/11,71,,,
6/10/11,,,,
6/11/11,,,,
6/12/11,,,,
6/13/11,71.7,,,
6/14/11,72.5,,,
6/15/11,71.5,,,
6/16/11,71.2,,,
6/17/11,71.6,,,
6/18/11,74.7,,,
6/19/11,74.4,,,
6/20/11,73.9,,,
6/21/11,73.5,,,
6/22/11,72.6,,,
6/23/11,74.3,,,
6/24/11,75,,,
6/25/11,75.5,,,
6/26/11,72.8,,,
6/27/11,74.4,,,
6/28/11,74.2,,,
6/29/11,75.1,,,
6/30/11,72.8,,,
7/1/11,73,,,
7/2/11,72.6,,,
7/3/11,71.6,,,
7/4/11,73.7,,,
7/5/11,74.4,,,
7/6/11,73.3,,,
7/7/11,71.5,,,
7/8/11,72.5,,,
7/9/11,73.6,,,
7/10/11,71.9,,,
7/11/11,74.2,,,
7/12/11,72.7,,,
7/13/11,70.8,,,
7/14/11,70.4,,,
7/15/11,72.3,,,
7/16/11,71.8,,,
7/17/11,72.5,,,
7/18/11,72,,,
7/19/11,73.3,,,
7/20/11,72.7,,,
7/21/11,73.3,,,
7/22/11,73.6,,,
7/23/11,70.6,,,
7/24/11,74,,,
7/25/11,72.9,,,
7/26/11,73.8,,,
7/27/11,71.5,,,
7/28/11,72.3,,,
7/29/11,72.6,,,
7/30/11,71.9,,,
7/31/11,71.3,,,
8/1/11,71.8,,,
8/2/11,71.5,,,
8/3/11,71.1,,,
8/4/11,72.2,,,
8/5/11,73.4,,,
8/6/11,72.7,,,
8/7/11,72.2,,,
8/8/11,72.6,,,
8/9/11,73,,,
8/10/11,73,,,
8/11/11,73.8,,,
8/12/11,73.1,,,
8/13/11,72,,,
8/14/11,72.9,,,
8/15/11,73.1,,,
8/16/11,74.3,,,
8/17/11,73.4,,,
8/18/11,72.2,,,
8/19/11,73.1,,,
8/20/11,72.1,,,
8/21/11,72.7,,,
8/22/11,73.8,,,
8/23/11,73.6,,,
8/24/11,72.8,,,
8/25/11,72.5,,,
8/26/11,72.3,,,
8/27/11,70.9,,,
8/28/11,70.6,,,
8/29/11,70,,,
8/30/11,71.1,,,
8/31/11,72.1,,,
9/1/11,71.9,,,
9/2/11,71.8,,,
9/3/11,71.7,,,
9/4/11,72.4,,,
9/5/11,72.4,,,
9/6/11,72.5,,,
9/7/11,71.3,,,
9/8/11,72.6,,,
9/9/11,73.9,,,
9/10/11,73.9,,,
9/11/11,72.7,,,
9/12/11,73.1,,,
9/13/11,71.4,,,
9/14/11,73.4,,,
9/15/11,73.3,,,
9/16/11,72.9,,,
9/17/11,72.8,,,
9/18/11,72.9,,,
9/19/11,73.6,,,
9/20/11,73.3,,,
9/21/11,71.7,,,
9/22/11,72.8,,,
9/23/11,70.8,,,
9/24/11,71.8,,,
9/25/11,72,,,
9/26/11,72.6,,,
9/27/11,73.3,,,
9/28/11,74.1,,,
9/29/11,74.3,,,
9/30/11,74.4,,,
10/1/11,73.9,,,
10/2/11,72.9,,,
10/3/11,73.4,,,
10/4/11,72.6,,,
10/5/11,74.1,,,
10/6/11,73,,,
10/7/11,74.9,,,
10/8/11,73,,,
10/9/11,75,,,
10/10/11,76.8,,,
10/11/11,73.6,,,
10/12/11,75.2,,,
10/13/11,74.9,,,
10/14/11,73.5,,,
10/15/11,74.7,,,
10/16/11,73.6,,,
10/17/11,75.3,,,
10/18/11,75,,,
10/19/11,75.1,,,
10/20/11,74,,,
10/21/11,74.6,,,
10/22/11,74.2,,,
10/23/11,73.6,,,
10/24/11,73.7,,,
10/25/11,74.9,,,
10/26/11,75,,,
10/27/11,75.1,,,
10/28/11,75.4,,,
10/29/11,73.8,,,
10/30/11,74.6,,,
10/31/11,74.8,,,
11/1/11,75.4,,,
11/2/11,74.1,,,
11/3/11,74.5,,,
11/4/11,74.5,,,
11/5/11,75.6,,,
11/6/11,74.5,,,
11/7/11,72,,,
11/8/11,71.1,,,
11/9/11,70.4,,,
11/10/11,69.5,,,
11/11/11,69.1,,,
11/12/11,71.1,,,
11/13/11,72.6,,,
11/14/11,71.5,,,
11/15/11,73,,,
11/16/11,71.6,,,
11/17/11,70.2,,,
11/18/11,69.3,,,
11/19/11,69.4,,,
11/20/11,70.9,,,
11/21/11,70.5,,,
11/22/11,70.1,,,
11/23/11,70.1,,,
11/24/11,71.5,,,
11/25/11,74.3,,,
11/26/11,73.7,,,
11/27/11,72.7,,,
11/28/11,72.9,,,
11/29/11,73.4,,,
11/30/11,75.2,,,
12/1/11,73.3,,,
12/2/11,74.2,,,
12/3/11,71.6,,,
12/4/11,70.3,,,
12/5/11,70.9,,,
12/6/11,71.1,,,
12/7/11,70.4,,,
12/8/11,69.5,,,
12/9/11,72.2,,,
12/10/11,73.1,,,
12/11/11,73.2,,,
12/12/11,74.7,,,
12/13/11,72.6,,,
12/14/11,70.1,,,
12/15/11,71.1,,,
12/16/11,70.2,,,
12/17/11,68.9,,,
12/18/11,68.6,,,
12/19/11,67,,,
12/20/11,68.1,,,
12/21/11,68.1,,,
12/22/11,67,,,
12/23/11,66.1,,,
12/24/11,69.6,,,
12/25/11,66.9,,,
12/26/11,66,,,
12/27/11,67,,,
12/28/11,65.3,,,
12/29/11,66.2,,,
12/30/11,71.8,,,
12/31/11,73.8,,,
1/1/12,73.7,,,
1/2/12,73.9,,,
1/3/12,73.7,,,
1/4/12,74,,,
1/5/12,74.7,,,
1/6/12,74.7,,,
1/7/12,73,,,
1/8/12,71.4,,,
1/9/12,67.3,,,
1/10/12,65.3,,,
1/11/12,67.7,,,
1/12/12,69.1,,,
1/13/12,68.7,,,
1/14/12,63.5,,,
1/15/12,64.2,,,
1/16/12,65.2,,,
1/17/12,66.2,,,
1/18/12,66.2,,,
1/19/12,64.7,,,
1/20/12,64.5,,,
1/21/12,67.7,,,
1/22/12,67.9,,,
1/23/12,69.1,,,
1/24/12,69.5,,,
1/25/12,68.6,,,
1/26/12,68.8,,,
1/27/12,68.7,,,
1/28/12,68,,,
1/29/12,68.3,,,
1/30/12,68.4,,,
1/31/12,69.8,,,
2/1/12,71.2,,,
2/2/12,72.9,,,
2/3/12,72.9,,,
2/4/12,72.1,,,
2/5/12,71.1,,,
2/6/12,72.3,,,
2/7/12,73.3,,,
2/8/12,73.3,,,
2/9/12,71.1,,,
2/10/12,71.4,,,
2/11/12,72.1,,,
2/12/12,72.8,,,
2/13/12,71.9,,,
2/14/12,74.3,,,
2/15/12,73.9,,,
2/16/12,71.7,,,
2/17/12,74,,,
2/18/12,76.6,,,
2/19/12,77.7,,,
2/20/12,76.3,,,
2/21/12,77.3,,,
2/22/12,78.2,,,
2/23/12,76.2,,,
2/24/12,75.8,,,
2/25/12,74.3,,,
2/26/12,78.3,,,
2/27/12,77.8,,,
2/28/12,75.9,,,
2/29/12,74.6,,,
3/1/12,72.2,,,
3/2/12,71.2,,,
3/3/12,69.4,,,
3/4/12,75,,,
3/5/12,78.9,,,
3/6/12,76.5,,,
3/7/12,76.1,,,
3/8/12,71.7,,,
3/9/12,69.6,,,
3/10/12,73.6,,,
3/11/12,68.2,,,
3/12/12,76.5,,,
3/13/12,80.1,,,
3/14/12,81.1,,,
3/15/12,82,,,
3/16/12,79.6,,,
3/17/12,80.2,,,
3/18/12,80.2,,,
3/19/12,79.8,,,
3/20/12,80.2,,,
3/21/12,79.9,,,
3/22/12,79.6,,,
3/23/12,79.5,,,
3/24/12,81.6,,,
3/25/12,79.5,,,
3/26/12,79.8,,,
3/27/12,79.1,,,
3/28/12,79.9,,,
3/29/12,79.1,,,
3/30/12,78.4,,,
3/31/12,80.1,,,
4/1/12,82,,,
4/2/12,80,,,
4/3/12,79,,,
4/4/12,74.6,,,
4/5/12,78.6,,,
4/6/12,79.1,,,
4/7/12,79,,,
4/8/12,77.5,,,
4/9/12,80.1,,,
4/10/12,78,,,
4/11/12,77.1,,,
4/12/12,75.2,,,
4/13/12,77.6,,,
4/14/12,81.8,,,
4/15/12,78.7,,,
4/16/12,77.3,,,
4/17/12,78.6,,,
4/18/12,80.2,,,
4/19/12,79,,,
4/20/12,79.7,,,
4/21/12,80.1,,,
4/22/12,84.1,,,
4/23/12,83.1,,,
4/24/12,82.3,,,
4/25/12,80.9,,,
4/26/12,79.5,,,
4/27/12,81.4,,,
4/28/12,80.3,,,
4/29/12,79.5,,,
4/30/12,78.4,,,
5/1/12,78.1,,,
5/2/12,79,,,
5/3/12,79.2,,,
5/4/12,77.8,,,
5/5/12,77.3,,,
5/6/12,77.2,,,
5/7/12,78.6,,,
5/8/12,81.2,,,
5/9/12,80.4,,,
5/10/12,78.9,,,
5/11/12,78,,,
5/12/12,76.7,,,
5/13/12,76.2,,,
5/14/12,79.6,,,
5/15/12,81.4,,,
5/16/12,80.5,,,
5/17/12,80.1,,,
5/18/12,81.9,,,
5/19/12,80,,,
5/20/12,82.9,,,
5/21/12,80,,,
5/22/12,77.3,,,
5/23/12,80.1,,,
5/24/12,80.1,,,
5/25/12,80.1,,,
5/26/12,79.9,,,
5/27/12,80.8,,,
5/28/12,79.2,,,
5/29/12,80.2,,,
5/30/12,79.6,,,
5/31/12,79.3,,,
6/1/12,79,,,
6/2/12,80,,,
6/3/12,80.3,,,
6/4/12,78.2,,,
6/5/12,75.3,,,
6/6/12,75.4,,,
6/7/12,75.9,,,
6/8/12,77.6,,,
6/9/12,77.6,,,
6/10/12,76.7,,,
6/11/12,75.9,,,
6/12/12,75.8,,,
6/13/12,76.5,,,
6/14/12,77.3,,,
6/15/12,76.2,,,
6/16/12,76.3,,,
6/17/12,73,,,
6/18/12,70.6,,,
6/19/12,74.4,,,
6/20/12,75.8,,,
6/21/12,74.6,,,
6/22/12,75.2,,,
6/23/12,75.3,,,
6/24/12,74.4,,,
6/25/12,73.8,,,
6/26/12,73.7,,,
6/27/12,72.9,,,
6/28/12,72,,,
6/29/12,73.3,,,
6/30/12,72.3,,,
7/1/12,72.9,,,
7/2/12,71.8,,,
7/3/12,71,,,
7/4/12,74.2,,,
7/5/12,73.9,,,
7/6/12,73.3,,,
7/7/12,74.1,,,
7/8/12,75.1,,,
7/9/12,74.3,,,
7/10/12,72.7,,,
7/11/12,72,,,
7/12/12,72.7,,,
7/13/12,73.2,,,
7/14/12,73.7,,,
7/15/12,72.8,,,
7/16/12,72.6,,,
7/17/12,73,,,
7/18/12,72.3,,,
7/19/12,72.1,,,
7/20/12,71.2,,,
7/21/12,73.7,,,
7/22/12,73.7,,,
7/23/12,72.6,,,
7/24/12,73.3,,,
7/25/12,72.7,,,
7/26/12,72.3,,,
7/27/12,73.5,,,
7/28/12,73.6,,,
7/29/12,74.3,,,
7/30/12,73.1,,,
7/31/12,70.7,,,
8/1/12,71.1,,,
8/2/12,71.3,,,
8/3/12,71.4,,,
8/4/12,71.7,,,
8/5/12,73.2,,,
8/6/12,73,,,
8/7/12,73.2,,,
8/8/12,73.1,,,
8/9/12,72.1,,,
8/10/12,72.1,,,
8/11/12,72.3,,,
8/12/12,72.4,,,
8/13/12,73.4,,,
8/14/12,73.4,,,
8/15/12,73.8,,,
8/16/12,73.2,,,
8/17/12,72.7,,,
8/18/12,72.8,,,
8/19/12,73,,,
8/20/12,71.4,,,
8/21/12,72.1,,,
8/22/12,73.2,,,
8/23/12,74.6,,,
8/24/12,74.7,,,
8/25/12,74.7,,,
8/26/12,72.5,,,
8/27/12,71.8,,,
8/28/12,72.1,,,
8/29/12,72.1,,,
8/30/12,71.9,,,
8/31/12,72,,,
9/1/12,71.5,,,
9/2/12,72.3,,,
9/3/12,71.6,,,
9/4/12,71.5,,,
9/5/12,71.9,,,
9/6/12,72.8,,,
9/7/12,72.2,,,
9/8/12,73.5,,,
9/9/12,73.3,,,
9/10/12,72.1,,,
9/11/12,71.9,,,
9/12/12,72.2,,,
9/13/12,73.3,,,
9/14/12,72.9,,,
9/15/12,72.2,,,
9/16/12,73.8,,,
9/17/12,72.4,,,
9/18/12,72.8,,,
9/19/12,72.1,,,
9/20/12,72.1,,,
9/21/12,71.7,,,
9/22/12,70.6,,,
9/23/12,71.1,,,
9/24/12,70.9,,,
9/25/12,72.9,,,
9/26/12,77.2,,,
9/27/12,74.4,,,
9/28/12,73,,,
9/29/12,74.3,,,
9/30/12,73.8,,,
10/1/12,73.5,,,
10/2/12,73.9,,,
10/3/12,72.4,,,
10/4/12,73.7,,,
10/5/12,72,,,
10/6/12,73.6,,,
10/7/12,74,,,
10/8/12,72.6,,,
10/9/12,75.1,,,
10/10/12,75.4,,,
10/11/12,74.8,,,
10/12/12,75.6,,,
10/13/12,74.8,,,
10/14/12,72.7,,,
10/15/12,72.6,,,
10/16/12,75.2,,,
10/17/12,75.7,,,
10/18/12,75.1,,,
10/19/12,76.2,,,
10/20/12,75,,,
10/21/12,75.1,,,
10/22/12,74.6,,,
10/23/12,75.2,,,
10/24/12,73.4,,,
10/25/12,75.6,,,
10/26/12,76.1,,,
10/27/12,76.8,,,
10/28/12,75.8,,,
10/29/12,73.8,,,
10/30/12,70.4,,,
10/31/12,72.3,,,
11/1/12,68.5,,,
11/2/12,70.6,,,
11/3/12,73.1,,,
11/4/12,73.8,,,
11/5/12,74.3,,,
11/6/12,75.6,,,
11/7/12,74,,,
11/8/12,74.7,,,
11/9/12,76.1,,,
11/10/12,76.1,,,
11/11/12,75.6,,,
11/12/12,74.5,,,
11/13/12,73.4,,,
11/14/12,70.1,,,
11/15/12,68.8,,,
11/16/12,66.4,,,
11/17/12,64.3,,,
11/18/12,63.8,,,
11/19/12,65.8,,,
11/20/12,67.1,,,
11/21/12,70.7,,,
11/22/12,73,,,
11/23/12,75.8,,,
11/24/12,75.9,,,
11/25/12,76.2,,,
11/26/12,73.8,,,
11/27/12,72.5,,,
11/28/12,72.1,,,
11/29/12,71.9,,,
11/30/12,71.6,,,
12/1/12,70.6,,,
12/2/12,71.8,,,
12/3/12,73.1,,,
12/4/12,75.1,,,
12/5/12,75.6,,,
12/6/12,76.1,,,
12/7/12,74.2,,,
12/8/12,74.1,,,
12/9/12,73.4,,,
12/10/12,74.3,,,
12/11/12,72.5,,,
12/12/12,70.9,,,
12/13/12,68.5,,,
12/14/12,68.3,,,
12/15/12,70.4,,,
12/16/12,70.2,,,
12/17/12,71.5,,,
12/18/12,69.4,,,
12/19/12,69.5,,,
12/20/12,70.6,,,
12/21/12,72.6,,,
12/22/12,71.6,,,
12/23/12,71.1,,,
12/24/12,71.3,,,
12/25/12,71.4,,,
12/26/12,69.5,,,
12/27/12,67.5,,,
12/28/12,70.1,,,
12/29/12,72.3,,,
12/30/12,74.2,,,
12/31/12,75.7,,,
1/1/13,77.2,,,
1/2/13,75.9,,,
1/3/13,76.3,,,
1/4/13,74.4,,,
1/5/13,72.4,,,
1/6/13,69.8,,,
1/7/13,69.8,,,
1/8/13,70.8,,,
1/9/13,71.6,,,
1/10/13,70.6,,,
1/11/13,71.4,,,
1/12/13,71.5,,,
1/13/13,68.8,,,
1/14/13,71.1,,,
1/15/13,70.4,,,
1/16/13,73.3,,,
1/17/13,72.4,,,
1/18/13,70.2,,,
1/19/13,68.5,,,
1/20/13,69.8,,,
1/21/13,70,,,
1/22/13,70,,,
1/23/13,70.7,,,
1/24/13,70.9,,,
1/25/13,71.4,,,
1/26/13,69.5,,,
1/27/13,70.4,,,
1/28/13,71.8,,,
1/29/13,70.1,,,
1/30/13,70.5,,,
1/31/13,72.1,,,
2/1/13,72.7,,,
2/2/13,73.1,,,
2/3/13,72.8,,,
2/4/13,71.6,,,
2/5/13,69.7,,,
2/6/13,72.2,,,
2/7/13,73.5,,,
2/8/13,71.8,,,
2/9/13,72.7,,,
2/10/13,76.3,,,
2/11/13,77.8,,,
2/12/13,76.7,,,
2/13/13,77.5,,,
2/14/13,77.4,,,
2/15/13,75.4,,,
2/16/13,71.8,,,
2/17/13,69.8,,,
2/18/13,71.7,,,
2/19/13,73.7,,,
2/20/13,75,,,
2/21/13,76.3,,,
2/22/13,76.7,,,
2/23/13,77.3,,,
2/24/13,77.3,,,
2/25/13,77.5,,,
2/26/13,74.5,,,
2/27/13,74.1,,,
2/28/13,75.3,,,
3/1/13,78,,,
3/2/13,78.9,,,
3/3/13,77.2,,,
3/4/13,78.6,,,
3/5/13,79,,,
3/6/13,80.6,,,
3/7/13,81.1,,,
3/8/13,80.2,,,
3/9/13,78.7,,,
3/10/13,78.3,,,
3/11/13,77.7,,,
3/12/13,77.2,,,
3/13/13,78.1,,,
3/14/13,78.3,,,
3/15/13,78.1,,,
3/16/13,75.8,,,
3/17/13,76.7,,,
3/18/13,78.4,,,
3/19/13,77.6,,,
3/20/13,79.2,,,
3/21/13,79.3,,,
3/22/13,78.1,,,
3/23/13,77.8,,,
3/24/13,78.6,,,
3/25/13,81.2,,,
3/26/13,78.6,,,
3/27/13,80,,,
3/28/13,79.8,,,
3/29/13,79.9,,,
3/30/13,80.9,,,
3/31/13,81.1,,,
4/1/13,79.5,,,
4/2/13,79,,,
4/3/13,80.4,,,
4/4/13,82.5,,,
4/5/13,82.4,,,
4/6/13,79.7,,,
4/7/13,81.1,,,
4/8/13,83.5,,,
4/9/13,82.6,,,
4/10/13,79.5,,,
4/11/13,80.6,,,
4/12/13,85.2,,,
4/13/13,83.7,,,
4/14/13,80.9,,,
4/15/13,79.9,,,
4/16/13,77.2,,,
4/17/13,76.8,,,
4/18/13,75.3,,,
4/19/13,76.2,,,
4/20/13,76.3,,,
4/21/13,77.3,,,
4/22/13,79.3,,,
4/23/13,80.5,,,
4/24/13,80.8,,,
4/25/13,79.4,,,
4/26/13,81.8,,,
4/27/13,81.5,,,
4/28/13,81.7,,,
4/29/13,80.7,,,
4/30/13,83.3,,,
5/1/13,82.4,,,
5/2/13,79.7,,,
5/3/13,81.3,,,
5/4/13,81.3,,,
5/5/13,81.8,,,
5/6/13,81.1,,,
5/7/13,80.8,,,
5/8/13,81.2,,,
5/9/13,79.9,,,
5/10/13,81.7,,,
5/11/13,81,,,
5/12/13,81.2,,,
5/13/13,81.3,,,
5/14/13,79.3,,,
5/15/13,77.3,,,
5/16/13,75.7,,,
5/17/13,78,,,
5/18/13,80.6,,,
5/19/13,81.7,,,
5/20/13,80.3,,,
5/21/13,80.1,,,
5/22/13,79.3,,,
5/23/13,79.7,,,
5/24/13,79.7,,,
5/25/13,79.9,,,
5/26/13,80.9,,,
5/27/13,78.4,,,
5/28/13,76.6,,,
5/29/13,75.7,,,
5/30/13,76.9,,,
5/31/13,79,,,
6/1/13,74.3,,,
6/2/13,75.5,,,
6/3/13,75.5,,,
6/4/13,75.8,,,
6/5/13,77.1,,,
6/6/13,74.2,,,
6/7/13,74.1,,,
6/8/13,72.9,,,
6/9/13,71.6,,,
6/10/13,72.2,,,
6/11/13,73.5,,,
6/12/13,73.2,,,
6/13/13,72.4,,,
6/14/13,73.3,,,
6/15/13,72.7,,,
6/16/13,73.8,,,
6/17/13,71.9,,,
6/18/13,71.5,,,
6/19/13,72.7,,,
6/20/13,74,,,
6/21/13,73.8,,,
6/22/13,74.6,,,
6/23/13,73.6,,,
6/24/13,72.1,,,
6/25/13,72.6,,,
6/26/13,73.1,,,
6/27/13,74.1,,,
6/28/13,73.5,,,
6/29/13,72.9,,,
6/30/13,72.1,,,
7/1/13,72.5,,,
7/2/13,71.6,,,
7/3/13,72.4,,,
7/4/13,74.6,,,
7/5/13,73.3,,,
7/6/13,72.8,,,
7/7/13,71.9,,,
7/8/13,71.2,,,
7/9/13,73.1,,,
7/10/13,71.4,,,
7/11/13,70.5,,,
7/12/13,70,,,
7/13/13,71.1,,,
7/14/13,72.3,,,
7/15/13,72.7,,,
7/16/13,71.9,,,
7/17/13,72.1,,,
7/18/13,71.1,,,
7/19/13,70.9,,,
7/20/13,71.4,,,
7/21/13,70.8,,,
7/22/13,70.5,,,
7/23/13,70.2,,,
7/24/13,70.5,,,
7/25/13,70.7,,,
7/26/13,70.9,,,
7/27/13,71.6,,,
7/28/13,70.5,,,
7/29/13,71.1,,,
7/30/13,70.9,,,
7/31/13,70.2,,,
8/1/13,71.1,,,
8/2/13,70.9,,,
8/3/13,72,,,
8/4/13,73.2,,,
8/5/13,73.2,,,
8/6/13,72.5,,,
8/7/13,72.1,,,
8/8/13,72.2,,,
8/9/13,72.4,,,
8/10/13,72.8,,,
8/11/13,72.7,,,
8/12/13,72.7,,,
8/13/13,71.7,,,
8/14/13,72,,,
8/15/13,73.2,,,
8/16/13,71.6,,,
8/17/13,72.3,,,
8/18/13,71.6,,,
8/19/13,71.3,,,
8/20/13,71.9,,,
8/21/13,72.1,,,
8/22/13,72.2,,,
8/23/13,71.2,,,
8/24/13,72.1,,,
8/25/13,71.9,,,
8/26/13,71.9,,,
8/27/13,72.6,,,
8/28/13,70.6,,,
8/29/13,71.7,,,
8/30/13,73.5,,,
8/31/13,74.6,,,
9/1/13,74.6,,,
9/2/13,76.6,,,
9/3/13,77.4,,,
9/4/13,74.2,,,
9/5/13,72.6,,,
9/6/13,72.5,,,
9/7/13,73.3,,,
9/8/13,73.2,,,
9/9/13,72.2,,,
9/10/13,73,,,
9/11/13,73.8,,,
9/12/13,74,,,
9/13/13,74.6,,,
9/14/13,73.8,,,
9/15/13,74.6,,,
9/16/13,74.6,,,
9/17/13,72.9,,,
9/18/13,72.7,,,
9/19/13,73.6,,,
9/20/13,71.6,,,
9/21/13,74.1,,,
9/22/13,72.2,,,
9/23/13,71.9,,,
9/24/13,71.6,,,
9/25/13,71.6,,,
9/26/13,72.6,,,
9/27/13,71.8,,,
9/28/13,71.9,,,
9/29/13,70.5,,,
9/30/13,73.1,,,
10/1/13,74.1,,,
10/2/13,74.1,,,
10/3/13,72.1,,,
10/4/13,71.4,,,
10/5/13,70.6,,,
10/6/13,74.5,,,
10/7/13,75.6,,,
10/8/13,75.3,,,
10/9/13,73.7,,,
10/10/13,73.3,,,
10/11/13,72.4,,,
10/12/13,73.3,,,
10/13/13,74.6,,,
10/14/13,74.9,,,
10/15/13,75.4,,,
10/16/13,74.6,,,
10/17/13,75.8,,,
10/18/13,74.5,,,
10/19/13,76.3,,,
10/20/13,74.9,,,
10/21/13,75.6,,,
10/22/13,75.3,,,
10/23/13,74.1,,,
10/24/13,74.5,,,
10/25/13,72.9,,,
10/26/13,72.1,,,
10/27/13,72.6,,,
10/28/13,71.9,,,
10/29/13,73.6,,,
10/30/13,73.9,,,
10/31/13,71.1,,,
11/1/13,71.8,,,
11/2/13,75.4,,,
11/3/13,75.7,,,
11/4/13,74.1,,,
11/5/13,73.7,,,
11/6/13,73.4,,,
11/7/13,73.8,,,
11/8/13,73.4,,,
11/9/13,72.5,,,
11/10/13,70.9,,,
11/11/13,68.9,,,
11/12/13,69,,,
11/13/13,70.7,,,
11/14/13,68.5,,,
11/15/13,67.6,,,
11/16/13,68.2,,,
11/17/13,71.8,,,
11/18/13,72.2,,,
11/19/13,71.4,,,
11/20/13,70.4,,,
11/21/13,68.5,,,
11/22/13,68.7,,,
11/23/13,69.5,,,
11/24/13,73.1,,,
11/25/13,74.3,,,
11/26/13,77.4,,,
11/27/13,76.3,,,
11/28/13,69.2,,,
11/29/13,69.9,,,
11/30/13,72.7,,,
12/1/13,76,,,
12/2/13,75.5,,,
12/3/13,75.5,,,
12/4/13,72.8,,,
12/5/13,71.6,,,
12/6/13,69.2,,,
12/7/13,65.3,,,
12/8/13,66.6,,,
12/9/13,65.5,,,
12/10/13,65.1,,,
12/11/13,64.6,,,
12/12/13,67.1,,,
12/13/13,69.5,,,
12/14/13,70.7,,,
12/15/13,69.4,,,
12/16/13,67.2,,,
12/17/13,65.9,,,
12/18/13,65.9,,,
12/19/13,64.7,,,
12/20/13,65.6,,,
12/21/13,67.8,,,
12/22/13,67.7,,,
12/23/13,69.1,,,
12/24/13,69.7,,,
12/25/13,69.9,,,
12/26/13,69.6,,,
12/27/13,68.8,,,
12/28/13,68,,,
12/29/13,69,,,
12/30/13,70.1,,,
12/31/13,69.3,,,
1/1/14,69.5,,,
1/2/14,69.7,,,
1/3/14,68.9,,,
1/4/14,70.3,,,
1/5/14,69.6,,,
1/6/14,70.2,,,
1/7/14,71.6,,,
1/8/14,72,,,
1/9/14,71,,,
1/10/14,70,,,
1/11/14,69.4,,,
1/12/14,69.9,,,
1/13/14,70.6,,,
1/14/14,71.8,,,
1/15/14,72.3,,,
1/16/14,72.3,,,
1/17/14,70.5,,,
1/18/14,68.8,,,
1/19/14,71.1,,,
1/20/14,73,,,
1/21/14,72.8,,,
1/22/14,74,,,
1/23/14,71.8,,,
1/24/14,72.9,,,
1/25/14,74.2,,,
1/26/14,73.8,,,
1/27/14,71.5,,,
1/28/14,69.3,,,
1/29/14,70.9,,,
1/30/14,69.5,,,
1/31/14,70.1,,,
2/1/14,71.4,,,
2/2/14,73.3,,,
2/3/14,73,,,
2/4/14,72.9,,,
2/5/14,73.3,,,
2/6/14,74.7,,,
2/7/14,74.4,,,
2/8/14,73.4,,,
2/9/14,72.4,,,
2/10/14,70.5,,,
2/11/14,71,,,
2/12/14,71.2,,,
2/13/14,68.2,,,
2/14/14,69.7,,,
2/15/14,68.2,,,
2/16/14,68.2,,,
2/17/14,69.2,,,
2/18/14,74.1,,,
2/19/14,75,,,
2/20/14,74.6,,,
2/21/14,73.3,,,
2/22/14,72.8,,,
2/23/14,74.3,,,
2/24/14,76.9,,,
2/25/14,76.5,,,
2/26/14,76.8,,,
2/27/14,74.6,,,
2/28/14,73.3,,,
3/1/14,70.9,,,
3/2/14,71.8,,,
3/3/14,73,,,
3/4/14,71,,,
3/5/14,73,,,
3/6/14,72.7,,,
3/7/14,74.5,,,
3/8/14,76.3,,,
3/9/14,74.5,,,
3/10/14,75,,,
3/11/14,75.7,,,
3/12/14,76.8,,,
3/13/14,78.2,,,
3/14/14,79.1,,,
3/15/14,78.9,,,
3/16/14,80.4,,,
3/17/14,81.2,,,
3/18/14,80.2,,,
3/19/14,80.3,,,
3/20/14,80.8,,,
3/21/14,80.3,,,
3/22/14,80.8,,,
3/23/14,80.8,,,
3/24/14,80.8,,,
3/25/14,80.9,,,
3/26/14,82.7,,,
3/27/14,81.7,,,
3/28/14,80.6,,,
3/29/14,83.1,,,
3/30/14,82.9,,,
3/31/14,80.3,,,
4/1/14,82.1,,,
4/2/14,82.1,,,
4/3/14,82.1,,,
4/4/14,81.4,,,
4/5/14,81.9,,,
4/6/14,81.3,,,
4/7/14,80.3,,,
4/8/14,77.8,,,
4/9/14,76.6,,,
4/10/14,78.5,,,
4/11/14,81,,,
4/12/14,83.2,,,
4/13/14,81.5,,,
4/14/14,80.6,,,
4/15/14,80.1,,,
4/16/14,80.6,,,
4/17/14,78.9,,,
4/18/14,77.6,,,
4/19/14,76.3,,,
4/20/14,80.1,,,
4/21/14,83.7,,,
4/22/14,83.5,,,
4/23/14,84.4,,,
4/24/14,83.3,,,
4/25/14,82.2,,,
4/26/14,81.4,,,
4/27/14,80.6,,,
4/28/14,82,,,
4/29/14,78.8,,,
4/30/14,79.6,,,
5/1/14,79.3,,,
5/2/14,77.8,,,
5/3/14,79.2,,,
5/4/14,82.1,,,
5/5/14,81.5,,,
5/6/14,81.7,,,
5/7/14,80.3,,,
5/8/14,75.1,,,
5/9/14,75.2,,,
5/10/14,79,,,
5/11/14,77.6,,,
5/12/14,78.8,,,
5/13/14,78.9,,,
5/14/14,79,,,
5/15/14,78.5,,,
5/16/14,77.2,,,
5/17/14,78.7,,,
5/18/14,82.8,,,
5/19/14,82.8,,,
5/20/14,76.7,,,
5/21/14,78.7,,,
5/22/14,76.9,,,
5/23/14,78.7,,,
5/24/14,79.4,,,
5/25/14,78.9,,,
5/26/14,79.7,,,
5/27/14,78.3,,,
5/28/14,79.7,,,
5/29/14,78.5,,,
5/30/14,78.4,,,
5/31/14,80.5,,,
6/1/14,79.4,,,
6/2/14,78,,,
6/3/14,74.9,,,
6/4/14,78.5,,,
6/5/14,78.6,,,
6/6/14,79,,,
6/7/14,77.5,,,
6/8/14,79.2,,,
6/9/14,77.5,,,
6/10/14,75.3,,,
6/11/14,75.9,,,
6/12/14,75.7,,,
6/13/14,75.4,,,
6/14/14,75.3,,,
6/15/14,76.7,,,
6/16/14,76.1,,,
6/17/14,74.6,,,
6/18/14,73.2,,,
6/19/14,73.6,,,
6/20/14,75.5,,,
6/21/14,76.6,,,
6/22/14,77,,,
6/23/14,77.2,,,
6/24/14,76.8,,,
6/25/14,75.9,,,
6/26/14,76.5,,,
6/27/14,78.2,,,
6/28/14,78.6,,,
6/29/14,77.7,,,
6/30/14,78.1,,,
7/1/14,76.5,,,
7/2/14,76.2,,,
7/3/14,72.3,,,
7/4/14,72.9,,,
7/5/14,75.1,,,
7/6/14,74.7,,,
7/7/14,75.3,,,
7/8/14,73.9,,,
7/9/14,74.2,,,
7/10/14,72.4,,,
7/11/14,70.8,,,
7/12/14,71.6,,,
7/13/14,72.7,,,
7/14/14,72.9,,,
7/15/14,72.2,,,
7/16/14,72.2,,,
7/17/14,73.2,,,
7/18/14,73.4,,,
7/19/14,72.1,,,
7/20/14,72.8,,,
7/21/14,72.8,,,
7/22/14,71.9,,,
7/23/14,71.2,,,
7/24/14,71.6,,,
7/25/14,72.3,,,
7/26/14,74.1,,,
7/27/14,73.6,,,
7/28/14,73,,,
7/29/14,72.2,,,
7/30/14,71.6,,,
7/31/14,73,,,
8/1/14,72.9,,,
8/2/14,72.7,,,
8/3/14,73.4,,,
8/4/14,71.5,,,
8/5/14,70.9,,,
8/6/14,71.6,,,
8/7/14,71.8,,,
8/8/14,72.8,,,
8/9/14,72.3,,,
8/10/14,72.8,,,
8/11/14,73.3,,,
8/12/14,73.5,,,
8/13/14,73,,,
8/14/14,72.8,,,
8/15/14,72.3,,,
8/16/14,72.5,,,
8/17/14,73,,,
8/18/14,75.7,,,
8/19/14,75.9,,,
8/20/14,76.4,,,
8/21/14,77.3,,,
8/22/14,76.9,,,
8/23/14,76.4,,,
8/24/14,75.6,,,
8/25/14,73.8,,,
8/26/14,72.6,,,
8/27/14,69.6,,,
8/28/14,70.2,,,
8/29/14,71.6,,,
8/30/14,72.8,,,
8/31/14,70.7,,,
9/1/14,71.8,,,
9/2/14,72.5,,,
9/3/14,72.4,,,
9/4/14,71.8,,,
9/5/14,72.9,,,
9/6/14,71.6,,,
9/7/14,72.7,,,
9/8/14,72.7,,,
9/9/14,72.7,,,
9/10/14,72.4,,,
9/11/14,71.7,,,
9/12/14,72.6,,,
9/13/14,72.7,,,
9/14/14,73.2,,,
9/15/14,73,,,
9/16/14,73.5,,,
9/17/14,73.5,,,
9/18/14,71.3,,,
9/19/14,72.4,,,
9/20/14,71.9,,,
9/21/14,72.9,,,
9/22/14,74.4,,,
9/23/14,76.8,,,
9/24/14,76.7,,,
9/25/14,76,,,
9/26/14,75.8,,,
9/27/14,73.9,,,
9/28/14,77.5,,,
9/29/14,76,,,
9/30/14,72.5,,,
10/1/14,74.4,,,
10/2/14,76.8,,,
10/3/14,77.1,,,
10/4/14,74.8,,,
10/5/14,77,,,
10/6/14,74.4,,,
10/7/14,73.5,,,
10/8/14,74,,,
10/9/14,74.7,,,
10/10/14,75.9,,,
10/11/14,76.8,,,
10/12/14,74.9,,,
10/13/14,75,,,
10/14/14,75.6,,,
10/15/14,77.9,,,
10/16/14,78.4,,,
10/17/14,77.3,,,
10/18/14,76.3,,,
10/19/14,77.1,,,
10/20/14,75.5,,,
10/21/14,76.5,,,
10/22/14,76.9,,,
10/23/14,75.6,,,
10/24/14,72.7,,,
10/25/14,67.8,,,
10/26/14,67.6,,,
10/27/14,70.5,,,
10/28/14,72.1,,,
10/29/14,70.4,,,
10/30/14,70.6,,,
10/31/14,70,,,
11/1/14,71,,,
11/2/14,71.6,,,
11/3/14,71.8,,,
11/4/14,70.1,,,
11/5/14,70.8,,,
11/6/14,71.2,,,
11/7/14,70.9,,,
11/8/14,70.6,,,
11/9/14,71.6,,,
11/10/14,74.5,,,
11/11/14,74.8,,,
11/12/14,75.8,,,
11/13/14,73.6,,,
11/14/14,70.1,,,
11/15/14,71.9,,,
11/16/14,72.8,,,
11/17/14,72.8,,,
11/18/14,73.8,,,
11/19/14,73.3,,,
11/20/14,72.3,,,
11/21/14,71.2,,,
11/22/14,71.8,,,
11/23/14,71.2,,,
11/24/14,71.9,,,
11/25/14,70.9,,,
11/26/14,68.2,,,
11/27/14,69,,,
11/28/14,67.6,,,
11/29/14,67.8,,,
11/30/14,68.4,,,
12/1/14,71.3,,,
12/2/14,70.7,,,
12/3/14,69.4,,,
12/4/14,66.9,,,
12/5/14,68.9,,,
12/6/14,66.9,,,
12/7/14,70.3,,,
12/8/14,71.6,,,
12/9/14,73.1,,,
12/10/14,73.7,,,
12/11/14,72.4,,,
12/12/14,70.6,,,
12/13/14,71.9,,,
12/14/14,72,,,
12/15/14,72.8,,,
12/16/14,71.6,,,
12/17/14,68.8,,,
12/18/14,68.8,,,
12/19/14,71.1,,,
12/20/14,70,,,
12/21/14,69.1,,,
12/22/14,65.9,,,
12/23/14,66.8,,,
12/24/14,67.4,,,
12/25/14,67.4,,,
12/26/14,64.4,,,
12/27/14,65.3,,,
12/28/14,65.6,,,
12/29/14,69,,,
12/30/14,70.3,,,
12/31/14,69.9,,,
1/1/15,68.2,,,
1/2/15,66.2,,,
1/3/15,68.7,,,
1/4/15,66.9,,,
1/5/15,69.6,,,
1/6/15,69.7,,,
1/7/15,70.6,,,
1/8/15,68.8,,,
1/9/15,67.7,,,
1/10/15,65.7,,,
1/11/15,64.9,,,
1/12/15,63.4,,,
1/13/15,65.7,,,
1/14/15,65.2,,,
1/15/15,65.5,,,
1/16/15,67.5,,,
1/17/15,67.7,,,
1/18/15,66.4,,,
1/19/15,71.3,,,
1/20/15,70.4,,,
1/21/15,68.4,,,
1/22/15,68.6,,,
1/23/15,69.4,,,
1/24/15,71,,,
1/25/15,71.6,,,
1/26/15,72,,,
1/27/15,70.9,,,
1/28/15,71.5,,,
1/29/15,70.6,,,
1/30/15,72.3,,,
1/31/15,72.7,,,
2/1/15,73.6,,,
2/2/15,73,,,
2/3/15,72.1,,,
2/4/15,71.6,,,
2/5/15,72,,,
2/6/15,73,,,
2/7/15,71.8,,,
2/8/15,70.5,,,
2/9/15,73.1,,,
2/10/15,74.5,,,
2/11/15,71.7,,,
2/12/15,72.1,,,
2/13/15,73.8,,,
2/14/15,74.2,,,
2/15/15,75,,,
2/16/15,74.5,,,
2/17/15,73.4,,,
2/18/15,74.5,,,
2/19/15,73.1,,,
2/20/15,73.3,,,
2/21/15,75,,,
2/22/15,76.5,,,
2/23/15,76.4,,,
2/24/15,74.7,,,
2/25/15,73.6,,,
2/26/15,74.3,,,
2/27/15,74.6,,,
2/28/15,72.8,,,
3/1/15,69.3,,,
3/2/15,71.1,,,
3/3/15,69.7,,,
3/4/15,68.6,,,
3/5/15,73.2,,,
3/6/15,75.4,,,
3/7/15,78.3,,,
3/8/15,78.4,,,
3/9/15,74.6,,,
3/10/15,74.9,,,
3/11/15,77.3,,,
3/12/15,78.3,,,
3/13/15,79.3,,,
3/14/15,77.6,,,
3/15/15,77,,,
3/16/15,77.4,,,
3/17/15,79.7,,,
3/18/15,80.8,,,
3/19/15,79.6,,,
3/20/15,80.6,,,
3/21/15,80.9,,,
3/22/15,80.3,,,
3/23/15,79.3,,,
3/24/15,80.4,,,
3/25/15,79.7,,,
3/26/15,77.8,,,
3/27/15,80.1,,,
3/28/15,79.8,,,
3/29/15,80.8,,,
3/30/15,81.7,,,
3/31/15,78.3,,,
4/1/15,78.6,,,
4/2/15,79.7,,,
4/3/15,79.8,,,
4/4/15,82.1,,,
4/5/15,82.3,,,
4/6/15,81.7,,,
4/7/15,79.4,,,
4/8/15,72.9,,,
4/9/15,,,,
4/10/15,,,,
4/11/15,,,,
4/12/15,,,,
4/13/15,,,,
4/14/15,,,,
4/15/15,,,,
4/16/15,,,,
4/17/15,,,,
4/18/15,,,,
4/19/15,,,,
4/20/15,,,,
4/21/15,,,,
4/22/15,,,,
4/23/15,,,,
4/24/15,,,,
4/25/15,,,,
4/26/15,,,,
4/27/15,,,,
4/28/15,,,,
4/29/15,82.8,,,
4/30/15,80.8,,,
5/1/15,81.4,,,
5/2/15,81.5,,,
5/3/15,81.3,,,
5/4/15,81.7,,,
5/5/15,80.7,,,
5/6/15,77.9,,,
5/7/15,79.8,,,
5/8/15,80,,,
5/9/15,74.8,,,
5/10/15,79.6,,,
5/11/15,78.9,,,
5/12/15,77.5,,,
5/13/15,76,,,
5/14/15,77,,,
5/15/15,79.6,,,
5/16/15,81.6,,,
5/17/15,79.6,,,
5/18/15,80.3,,,
5/19/15,79.9,,,
5/20/15,80.8,,,
5/21/15,80.4,,,
5/22/15,81.5,,,
5/23/15,80.9,,,
5/24/15,80.4,,,
5/25/15,80.7,,,
5/26/15,80.7,,,
5/27/15,80.6,,,
5/28/15,81,,,
5/29/15,79.5,,,
5/30/15,81.2,,,
5/31/15,79.6,,,
6/1/15,76.6,,,
6/2/15,79.3,,,
6/3/15,79.8,,,
6/4/15,77.4,,,
6/5/15,77.2,,,
6/6/15,78.2,,,
6/7/15,78,,,
6/8/15,75.2,,,
6/9/15,75.1,,,
6/10/15,77,,,
6/11/15,76.3,,,
6/12/15,75.2,,,
6/13/15,75.1,,,
6/14/15,72.5,,,
6/15/15,74.3,,,
6/16/15,75.7,,,
6/17/15,72.8,,,
6/18/15,70.7,,,
6/19/15,72.1,,,
6/20/15,72.2,,,
6/21/15,72.9,,,
6/22/15,74.6,,,
6/23/15,74.8,,,
6/24/15,74,,,
6/25/15,74.9,,,
6/26/15,74.5,,,
6/27/15,75.3,,,
6/28/15,75.6,,,
6/29/15,76,,,
6/30/15,74.6,,,
7/1/15,72.9,,,
7/2/15,75.1,,,
7/3/15,76.2,,,
7/4/15,76.1,,,
7/5/15,75.9,,,
7/6/15,75.3,,,
7/7/15,75.5,,,
7/8/15,73.7,,,
7/9/15,74.3,,,
7/10/15,75.4,,,
7/11/15,75.4,,,
7/12/15,75.6,,,
7/13/15,76.1,,,
7/14/15,77.3,,,
7/15/15,76.1,,,
7/16/15,74.3,,,
7/17/15,73.9,,,
7/18/15,75.2,,,
7/19/15,74.5,,,
7/20/15,74.1,,,
7/21/15,73.7,,,
7/22/15,73.9,,,
7/23/15,74.2,,,
7/24/15,72,,,
7/25/15,73.3,,,
7/26/15,73.3,,,
7/27/15,73.5,,,
7/28/15,73.6,,,
7/29/15,73.8,,,
7/30/15,73.5,,,
7/31/15,73.2,,,
8/1/15,73.3,,,
8/2/15,74.9,,,
8/3/15,74.1,,,
8/4/15,73.6,,,
8/5/15,73.2,,,
8/6/15,73.1,,,
8/7/15,72.9,,,
8/8/15,74.1,,,
8/9/15,73,,,
8/10/15,71.8,,,
8/11/15,73,,,
8/12/15,73.1,,,
8/13/15,73.8,,,
8/14/15,74.5,,,
8/15/15,74.6,,,
8/16/15,74.5,,,
8/17/15,74.7,,,
8/18/15,76.9,,,
8/19/15,77.6,,,
8/20/15,76.6,,,
8/21/15,75,,,
8/22/15,74.3,,,
8/23/15,73.6,,,
8/24/15,74.7,,,
8/25/15,73.9,,,
8/26/15,72.6,,,
8/27/15,74,,,
8/28/15,72.5,,,
8/29/15,74,,,
8/30/15,72.7,,,
8/31/15,73.5,,,
9/1/15,73.6,,,
9/2/15,73.1,,,
9/3/15,75,,,
9/4/15,76.5,,,
9/5/15,78,,,
9/6/15,76.8,,,
9/7/15,76.3,,,
9/8/15,73.3,,,
9/9/15,73.7,,,
9/10/15,73,,,
9/11/15,73.6,,,
9/12/15,74.2,,,
9/13/15,75,,,
9/14/15,75,,,
9/15/15,74.3,,,
9/16/15,73.6,,,
9/17/15,75.2,,,
9/18/15,75.6,,,
9/19/15,75.5,,,
9/20/15,74.8,,,
9/21/15,74.5,,,
9/22/15,76.3,,,
9/23/15,76.9,,,
9/24/15,78.3,,,
9/25/15,78.6,,,
9/26/15,77.2,,,
9/27/15,78.6,,,
9/28/15,79.3,,,
9/29/15,80.2,,,
9/30/15,79.9,,,
10/1/15,77,,,
10/2/15,73.4,,,
10/3/15,75.4,,,
10/4/15,73.4,,,
10/5/15,74.5,,,
10/6/15,74.1,,,
10/7/15,76,,,
10/8/15,76.2,,,
10/9/15,76.9,,,
10/10/15,74.7,,,
10/11/15,75,,,
10/12/15,75.4,,,
10/13/15,77.4,,,
10/14/15,78,,,
10/15/15,76.6,,,
10/16/15,77,,,
10/17/15,78.5,,,
10/18/15,78.9,,,
10/19/15,79.2,,,
10/20/15,78.9,,,
10/21/15,78.4,,,
10/22/15,77.3,,,
10/23/15,78,,,
10/24/15,77.3,,,
10/25/15,77.6,,,
10/26/15,76.3,,,
10/27/15,75.2,,,
10/28/15,74.4,,,
10/29/15,77.3,,,
10/30/15,77.3,,,
10/31/15,76.7,,,
11/1/15,77.9,,,
11/2/15,77.9,,,
11/3/15,75.5,,,
11/4/15,74.9,,,
11/5/15,76,,,
11/6/15,76.2,,,
11/7/15,76.5,,,
11/8/15,75,,,
11/9/15,75.4,,,
11/10/15,72.7,,,
11/11/15,74.8,,,
11/12/15,77.1,,,
11/13/15,75.6,,,
11/14/15,73.6,,,
11/15/15,73.9,,,
11/16/15,73.3,,,
11/17/15,71.8,,,
11/18/15,71.8,,,
11/19/15,75.2,,,
11/20/15,74.7,,,
11/21/15,74,,,
11/22/15,74.9,,,
11/23/15,74.6,,,
11/24/15,74.7,,,
11/25/15,75.5,,,
11/26/15,75,,,
11/27/15,73.1,,,
11/28/15,74.7,,,
11/29/15,75.3,,,
11/30/15,76.7,,,
12/1/15,76.8,,,
12/2/15,76.9,,,
12/3/15,75.1,,,
12/4/15,74,,,
12/5/15,73.5,,,
12/6/15,73,,,
12/7/15,74.2,,,
12/8/15,74.9,,,
12/9/15,72.5,,,
12/10/15,77.7,,,
12/11/15,75.1,,,
12/12/15,74.8,,,
12/13/15,76.5,,,
12/14/15,76.6,,,
12/15/15,76.5,,,
12/16/15,74.9,,,
12/17/15,75.7,,,
12/18/15,74.9,,,
12/19/15,75.4,,,
12/20/15,75.2,,,
12/21/15,74.4,,,
12/22/15,73.4,,,
12/23/15,73.1,,,
12/24/15,71.9,,,
12/25/15,72.5,,,
12/26/15,69.7,,,
12/27/15,72.5,,,
12/28/15,74.2,,,
12/29/15,76,,,
12/30/15,78.6,,,
12/31/15,74,,,
1/1/16,76.5,,,
1/2/16,73.2,,,
1/3/16,72.9,,,
1/4/16,75.1,,,
1/5/16,74.1,,,
1/6/16,73.3,,,
1/7/16,70.7,,,
1/8/16,69.8,,,
1/9/16,72.2,,,
1/10/16,71.3,,,
1/11/16,70.8,,,
1/12/16,72.7,,,
1/13/16,72.1,,,
1/14/16,73.4,,,
1/15/16,72.2,,,
1/16/16,73.5,,,
1/17/16,69.5,,,
1/18/16,72.8,,,
1/19/16,71.1,,,
1/20/16,74.8,,,
1/21/16,70.7,,,
1/22/16,75,,,
1/23/16,74.6,,,
1/24/16,76.9,,,
1/25/16,75.6,,,
1/26/16,75.4,,,
1/27/16,74.5,,,
1/28/16,77.7,,,
1/29/16,77,,,
1/30/16,78.3,,,
1/31/16,77.8,,,
2/1/16,78.9,,,
2/2/16,75.7,,,
2/3/16,78.1,,,
2/4/16,78.7,,,
2/5/16,73.1,,,
2/6/16,73.3,,,
2/7/16,72,,,
2/8/16,77.6,,,
2/9/16,79.3,,,
2/10/16,76.4,,,
2/11/16,71.9,,,
2/12/16,74.4,,,
2/13/16,74.2,,,
2/14/16,76.6,,,
2/15/16,76,,,
2/16/16,76.8,,,
2/17/16,80.3,,,
2/18/16,81.1,,,
2/19/16,80.6,,,
2/20/16,82.1,,,
2/21/16,84,,,
2/22/16,81.2,,,
2/23/16,83.9,,,
2/24/16,79.2,,,
2/25/16,81.6,,,
2/26/16,82.1,,,
2/27/16,81.4,,,
2/28/16,80,,,
2/29/16,84.5,,,
3/1/16,81.1,,,
3/2/16,82.3,,,
3/3/16,82.4,,,
3/4/16,83.2,,,
3/5/16,83.1,,,
3/6/16,83.2,,,
3/7/16,82.4,,,
3/8/16,83.8,,,
3/9/16,83.3,,,
3/10/16,85.3,,,
3/11/16,83,,,
3/12/16,82.9,,,
3/13/16,81,,,
3/14/16,80.8,,,
3/15/16,80.8,,,
3/16/16,79.2,,,
3/17/16,80.9,,,
3/18/16,84.1,,,
3/19/16,85.5,,,
3/20/16,89.2,,,
3/21/16,89.5,,,
3/22/16,86.1,,,
3/23/16,83.7,,,
3/24/16,84.4,,,
3/25/16,85.3,,,
3/26/16,84.5,,,
3/27/16,83.1,,,
3/28/16,86,,,
3/29/16,81.4,,,
3/30/16,81.2,,,
3/31/16,82.2,,,
4/1/16,84.7,,,
4/2/16,84.5,,,
4/3/16,83.7,,,
4/4/16,84,,,
4/5/16,81.4,,,
4/6/16,82.5,,,
4/7/16,82.3,,,
4/8/16,85.7,,,
4/9/16,86.1,,,
4/10/16,82.7,,,
4/11/16,88.2,,,
4/12/16,88.7,,,
4/13/16,86.8,,,
4/14/16,88.7,,,
4/15/16,87.1,,,
4/16/16,85.2,,,
4/17/16,86.7,,,
4/18/16,86.8,,,
4/19/16,87.5,,,
4/20/16,85,,,
4/21/16,85.4,,,
4/22/16,83.5,,,
4/23/16,85,,,
4/24/16,85.6,,,
4/25/16,86.8,,,
4/26/16,88.5,,,
4/27/16,91,,,
4/28/16,83.6,,,
4/29/16,81.5,,,
4/30/16,84.3,,,
5/1/16,87.8,,,
5/2/16,86.8,,,
5/3/16,88,,,
5/4/16,85.3,,,
5/5/16,85.1,,,
5/6/16,85.3,,,
5/7/16,86.8,,,
5/8/16,83.7,,,
5/9/16,86.8,,,
5/10/16,88,,,
5/11/16,89.1,,,
5/12/16,86.7,,,
5/13/16,82,,,
5/14/16,84.6,,,
5/15/16,80.3,,,
5/16/16,82.5,,,
5/17/16,84.4,,,
5/18/16,81.5,,,
5/19/16,81.3,,,
5/20/16,79,,,
5/21/16,81.6,,,
5/22/16,82.3,,,
5/23/16,83.3,,,
5/24/16,83.9,,,
5/25/16,82.2,,,
5/26/16,82.9,,,
5/27/16,83.1,,,
5/28/16,83.3,,,
5/29/16,81.8,,,
5/30/16,82.9,,,
5/31/16,84.8,,,
6/1/16,80.8,,,
6/2/16,80.5,,,
6/3/16,80.7,,,
6/4/16,78.5,,,
6/5/16,79.2,,,
6/6/16,79,,,
6/7/16,80.4,,,
6/8/16,76.9,,,
6/9/16,75.8,,,
6/10/16,76.8,,,
6/11/16,74.1,,,
6/12/16,75.4,,,
6/13/16,75,,,
6/14/16,77.1,,,
6/15/16,78.1,,,
6/16/16,77.9,,,
6/17/16,79.1,,,
6/18/16,79.9,,,
6/19/16,75.9,,,
6/20/16,76.2,,,
6/21/16,72.9,,,
6/22/16,74,,,
6/23/16,73.5,,,
6/24/16,74.1,,,
6/25/16,72.3,,,
6/26/16,74.2,,,
6/27/16,74.6,,,
6/28/16,73.2,,,
6/29/16,72,,,
6/30/16,74.6,,,
7/1/16,74,,,
7/2/16,73.1,,,
7/3/16,73.7,,,
7/4/16,72.9,,,
7/5/16,72.8,,,
7/6/16,74.5,,,
7/7/16,74.1,,,
7/8/16,74.8,,,
7/9/16,72.2,,,
7/10/16,73,,,
7/11/16,72,,,
7/12/16,71.5,,,
7/13/16,74.1,,,
7/14/16,74.7,,,
7/15/16,76.1,,,
7/16/16,75,,,
7/17/16,74.2,,,
7/18/16,74.2,,,
7/19/16,72.5,,,
7/20/16,71.4,,,
7/21/16,72.4,,,
7/22/16,70.7,,,
7/23/16,72.8,,,
7/24/16,72.6,,,
7/25/16,74.2,,,
7/26/16,74.4,,,
7/27/16,73.7,,,
7/28/16,73.7,,,
7/29/16,73.5,,,
7/30/16,72.7,,,
7/31/16,72.4,,,
8/1/16,71.1,,,
8/2/16,73.6,,,
8/3/16,71.2,,,
8/4/16,71.3,,,
8/5/16,72.5,,,
8/6/16,72.5,,,
8/7/16,73.2,,,
8/8/16,73.2,,,
8/9/16,74.6,,,
8/10/16,74.4,,,
8/11/16,74.5,,,
8/12/16,74.3,,,
8/13/16,73.4,,,
8/14/16,73.3,,,
8/15/16,73.5,,,
8/16/16,73.6,,,
8/17/16,75,,,
8/18/16,74.3,,,
8/19/16,74.8,,,
8/20/16,75.2,,,
8/21/16,73.5,,,
8/22/16,74.7,,,
8/23/16,73.5,,,
8/24/16,73.4,,,
8/25/16,74.4,,,
8/26/16,75,,,
8/27/16,74.1,,,
8/28/16,73.1,,,
8/29/16,74.5,,,
8/30/16,74,,,
8/31/16,74.9,,,
9/1/16,75.1,,,
9/2/16,74.5,,,
9/3/16,73.6,,,
9/4/16,74.8,,,
9/5/16,75,,,
9/6/16,72.7,,,
9/7/16,74.6,,,
9/8/16,75.8,,,
9/9/16,77.1,,,
9/10/16,77,,,
9/11/16,76.4,,,
9/12/16,74.4,,,
9/13/16,74,,,
9/14/16,73.1,,,
9/15/16,73.7,,,
9/16/16,73.4,,,
9/17/16,72.5,,,
9/18/16,72,,,
9/19/16,74.3,,,
9/20/16,73.7,,,
9/21/16,71.7,,,
9/22/16,72.1,,,
9/23/16,72.1,,,
9/24/16,71.9,,,
9/25/16,73.8,,,
9/26/16,77.3,,,
9/27/16,74.7,,,
9/28/16,77.3,,,
9/29/16,73.6,,,
9/30/16,76.3,,,
10/1/16,73.9,,,
10/2/16,75.4,,,
10/3/16,71.1,,,
10/4/16,72.7,,,
10/5/16,75.2,,,
10/6/16,72.9,,,
10/7/16,75.1,,,
10/8/16,74.7,,,
10/9/16,73.4,,,
10/10/16,72.3,,,
10/11/16,76.4,,,
10/12/16,76,,,
10/13/16,77.9,,,
10/14/16,77.2,,,
10/15/16,76.7,,,
10/16/16,76.1,,,
10/17/16,75.5,,,
10/18/16,77.1,,,
10/19/16,75.7,,,
10/20/16,75.8,,,
10/21/16,76,,,
10/22/16,77.4,,,
10/23/16,77.1,,,
10/24/16,77.4,,,
10/25/16,77.1,,,
10/26/16,76.1,,,
10/27/16,75.2,,,
10/28/16,75,,,
10/29/16,74.3,,,
10/30/16,77.2,,,
10/31/16,78.9,,,
11/1/16,78.3,,,
11/2/16,77.8,,,
11/3/16,77.6,,,
11/4/16,77,,,
11/5/16,71.8,,,
11/6/16,72.2,,,
11/7/16,74.2,,,
11/8/16,73.2,,,
11/9/16,73.7,,,
11/10/16,71.9,,,
11/11/16,73.1,,,
11/12/16,74.1,,,
11/13/16,75.8,,,
11/14/16,77,,,
11/15/16,76.1,,,
11/16/16,75.6,,,
11/17/16,76.3,,,
11/18/16,72.8,,,
11/19/16,74.1,,,
11/20/16,73,,,
11/21/16,73.6,,,
11/22/16,74.3,,,
11/23/16,77.7,,,
11/24/16,73.6,,,
11/25/16,73.3,,,
11/26/16,73.3,,,
11/27/16,74.5,,,
11/28/16,73.9,,,
11/29/16,73.5,,,
11/30/16,72.4,,,
12/1/16,76.9,,,
12/2/16,74.4,,,
12/3/16,75.5,,,
12/4/16,77.4,,,
12/5/16,78,,,
12/6/16,74.8,,,
12/7/16,72.2,,,
12/8/16,72.3,,,
12/9/16,73.5,,,
12/10/16,68,,,
12/11/16,69.4,,,
12/12/16,71.1,,,
12/13/16,74,,,
12/14/16,73.6,,,
12/15/16,75.4,,,
12/16/16,77.7,,,
12/17/16,76.6,,,
12/18/16,75,,,
12/19/16,72.8,,,
12/20/16,73.9,,,
12/21/16,73.8,,,
12/22/16,73.2,,,
12/23/16,72.6,,,
12/24/16,73.8,,,
12/25/16,72,,,
12/26/16,70.4,,,
12/27/16,74.8,,,
12/28/16,72,,,
12/29/16,73.5,,,
12/30/16,71.4,,,
12/31/16,71.6,,,
1/1/17,74,,,
1/2/17,72.1,,,
1/3/17,71.3,,,
1/4/17,72.5,,,
1/5/17,72.4,,,
1/6/17,70.2,,,
1/7/17,70,,,
1/8/17,69.6,,,
1/9/17,66.6,,,
1/10/17,68.8,,,
1/11/17,71.1,,,
1/12/17,70.6,,,
1/13/17,71.1,,,
1/14/17,72.5,,,
1/15/17,72.1,,,
1/16/17,72.3,,,
1/17/17,73.8,,,
1/18/17,74.3,,,
1/19/17,71.3,,,
1/20/17,72.9,,,
1/21/17,74.7,,,
1/22/17,78.8,,,
1/23/17,78.5,,,
1/24/17,76.8,,,
1/25/17,76.5,,,
1/26/17,77.9,,,
1/27/17,74,,,
1/28/17,76,,,
1/29/17,77.5,,,
1/30/17,77.7,,,
1/31/17,77.5,,,
2/1/17,77,,,
2/2/17,76.2,,,
2/3/17,75.1,,,
2/4/17,74.4,,,
2/5/17,76.2,,,
2/6/17,75.5,,,
2/7/17,77.1,,,
2/8/17,76.5,,,
2/9/17,76.5,,,
2/10/17,77.6,,,
2/11/17,77,,,
2/12/17,76.6,,,
2/13/17,77.1,,,
2/14/17,77.7,,,
2/15/17,78,,,
2/16/17,77.6,,,
2/17/17,78,,,
2/18/17,80.3,,,
2/19/17,81.3,,,
2/20/17,79.8,,,
2/21/17,79.2,,,
2/22/17,81.3,,,
2/23/17,82.5,,,
2/24/17,81.6,,,
2/25/17,81.8,,,
2/26/17,81.2,,,
2/27/17,82.1,,,
2/28/17,81.9,,,
3/1/17,82.6,,,
3/2/17,80.2,,,
3/3/17,82,,,
3/4/17,79.5,,,
3/5/17,78.9,,,
3/6/17,79.1,,,
3/7/17,80,,,
3/8/17,80.5,,,
3/9/17,79.9,,,
3/10/17,78.7,,,
3/11/17,75.4,,,
3/12/17,72.8,,,
3/13/17,75.7,,,
3/14/17,79.8,,,
3/15/17,80.5,,,
3/16/17,79,,,
3/17/17,80.1,,,
3/18/17,80.4,,,
3/19/17,81.2,,,
3/20/17,80,,,
3/21/17,82.6,,,
3/22/17,82,,,
3/23/17,84.2,,,
3/24/17,81.2,,,
3/25/17,83.7,,,
3/26/17,85,,,
3/27/17,86.2,,,
3/28/17,83.1,,,
3/29/17,82.8,,,
3/30/17,80.4,,,
3/31/17,85.8,,,
4/1/17,83.6,,,
4/2/17,83.7,,,
4/3/17,83.4,,,
4/4/17,85.6,,,
4/5/17,83.2,,,
4/6/17,84.5,,,
4/7/17,84.9,,,
4/8/17,87.2,,,
4/9/17,87.2,,,
4/10/17,83.2,,,
4/11/17,84.5,,,
4/12/17,87.3,,,
4/13/17,85.3,,,
4/14/17,84.5,,,
4/15/17,84,,,
4/16/17,83.1,,,
4/17/17,82.5,,,
4/18/17,84.1,,,
4/19/17,84,,,
4/20/17,84.1,,,
4/21/17,82.4,,,
4/22/17,81.9,,,
4/23/17,83.8,,,
4/24/17,83.8,,,
4/25/17,86.7,,,
4/26/17,84.9,,,
4/27/17,85,,,
4/28/17,85.2,,,
4/29/17,78.4,,,
4/30/17,83.1,,,
5/1/17,83.1,,,
5/2/17,85.8,,,
5/3/17,83.8,,,
5/4/17,82.3,,,
5/5/17,84.1,,,
5/6/17,82.9,,,
5/7/17,83.1,,,
5/8/17,81.8,,,
5/9/17,84.4,,,
5/10/17,84.1,,,
5/11/17,85.3,,,
5/12/17,83.9,,,
5/13/17,82.7,,,
5/14/17,83.8,,,
5/15/17,76.6,,,
5/16/17,80.6,,,
5/17/17,81.7,,,
5/18/17,84.9,,,
5/19/17,83.3,,,
5/20/17,82.6,,,
5/21/17,83.3,,,
5/22/17,85.9,,,
5/23/17,86.4,,,
5/24/17,82.2,,,
5/25/17,83.6,,,
5/26/17,85,,,
5/27/17,82.7,,,
5/28/17,82.3,,,
5/29/17,82.3,,,
5/30/17,80.9,,,
5/31/17,74,,,
6/1/17,78.5,,,
6/2/17,80.7,,,
6/3/17,79.8,,,
6/4/17,79.9,,,
6/5/17,81.4,,,
6/6/17,78.9,,,
6/7/17,76.1,,,
6/8/17,76.6,,,
6/9/17,75.8,,,
6/10/17,73.8,,,
6/11/17,76.6,,,
6/12/17,73.7,,,
6/13/17,75.8,,,
6/14/17,76.3,,,
6/15/17,78.4,,,
6/16/17,73.4,,,
6/17/17,76.2,,,
6/18/17,77.9,,,
6/19/17,76.1,,,
6/20/17,76.9,,,
6/21/17,79.5,,,
6/22/17,78.8,,,
6/23/17,77.6,,,
6/24/17,77.3,,,
6/25/17,76.3,,,
6/26/17,76.4,,,
6/27/17,73.7,,,
6/28/17,74.2,,,
6/29/17,76.3,,,
6/30/17,73.4,,,
7/1/17,73.9,,,
7/2/17,75.8,,,
7/3/17,74.8,,,
7/4/17,76.2,,,
7/5/17,74.9,,,
7/6/17,74.2,,,
7/7/17,76,,,
7/8/17,75.8,,,
7/9/17,75.4,,,
7/10/17,74.2,,,
7/11/17,74.1,,,
7/12/17,75.2,,,
7/13/17,74.8,,,
7/14/17,72.8,,,
7/15/17,74.1,,,
7/16/17,74.3,,,
7/17/17,73.7,,,
7/18/17,72.3,,,
7/19/17,72.2,,,
7/20/17,74,,,
7/21/17,74.4,,,
7/22/17,73.9,,,
7/23/17,74.5,,,
7/24/17,74.5,,,
7/25/17,75.4,,,
7/26/17,74.1,,,
7/27/17,75.2,,,
7/28/17,75.2,,,
7/29/17,75.1,,,
7/30/17,74.6,,,
7/31/17,76.3,,,
8/1/17,76.6,,,
8/2/17,75.8,,,
8/3/17,74.3,,,
8/4/17,75.3,,,
8/5/17,75.1,,,
8/6/17,77.3,,,
8/7/17,74.7,,,
8/8/17,77.8,,,
8/9/17,76.1,,,
8/10/17,76.2,,,
8/11/17,76.2,,,
8/12/17,75.6,,,
8/13/17,74.8,,,
8/14/17,76.2,,,
8/15/17,77.7,,,
8/16/17,75.8,,,
8/17/17,76.2,,,
8/18/17,74.7,,,
8/19/17,74.8,,,
8/20/17,74.3,,,
8/21/17,76,,,
8/22/17,77,,,
8/23/17,76.3,,,
8/24/17,76,,,
8/25/17,75,,,
8/26/17,74.8,,,
8/27/17,75.9,,,
8/28/17,73.7,,,
8/29/17,73.3,,,
8/30/17,75.1,,,
8/31/17,74.5,,,
9/1/17,75.9,,,
9/2/17,75.4,,,
9/3/17,77.5,,,
9/4/17,77,,,
9/5/17,76.6,,,
9/6/17,75.8,,,
9/7/17,76.4,,,
9/8/17,77.1,,,
9/9/17,79,,,
9/10/17,77.7,,,
9/11/17,80.1,,,
9/12/17,80.9,,,
9/13/17,79.6,,,
9/14/17,76.6,,,
9/15/17,75.4,,,
9/16/17,75.1,,,
9/17/17,74,,,
9/18/17,71.8,,,
9/19/17,71.7,,,
9/20/17,72,,,
9/21/17,73,,,
9/22/17,73.7,,,
9/23/17,76.7,,,
9/24/17,74.8,,,
9/25/17,75.3,,,
9/26/17,75,,,
9/27/17,77,,,
9/28/17,76.1,,,
9/29/17,75.2,,,
9/30/17,76.9,,,
10/1/17,76.6,,,
10/2/17,76.3,,,
10/3/17,75.1,,,
10/4/17,77.2,,,
10/5/17,77.6,,,
10/6/17,76.2,,,
10/7/17,76.4,,,
10/8/17,76.3,,,
10/9/17,77.2,,,
10/10/17,76.9,,,
10/11/17,77.2,,,
10/12/17,78.7,,,
10/13/17,76.5,,,
10/14/17,75.8,,,
10/15/17,76.2,,,
10/16/17,77.8,,,
10/17/17,78.6,,,
10/18/17,77.8,,,
10/19/17,75.9,,,
10/20/17,75.8,,,
10/21/17,75.7,,,
10/22/17,75.7,,,
10/23/17,75.8,,,
10/24/17,77.7,,,
10/25/17,78.2,,,
10/26/17,77.1,,,
10/27/17,77.1,,,
10/28/17,76.7,,,
10/29/17,74,,,
10/30/17,76.7,,,
10/31/17,75.3,,,
11/1/17,76.1,,,
11/2/17,74.4,,,
11/3/17,73.4,,,
11/4/17,74.2,,,
11/5/17,74.8,,,
11/6/17,77.1,,,
11/7/17,75.8,,,
11/8/17,75.2,,,
11/9/17,75.7,,,
11/10/17,72.3,,,
11/11/17,73.7,,,
11/12/17,72.3,,,
11/13/17,72.5,,,
11/14/17,73.1,,,
11/15/17,76,,,
11/16/17,75,,,
11/17/17,76,,,
11/18/17,77,,,
11/19/17,73.2,,,
11/20/17,77.8,,,
11/21/17,77.1,,,
11/22/17,77,,,
11/23/17,78.4,,,
11/24/17,77,,,
11/25/17,74.5,,,
11/26/17,71.5,,,
11/27/17,75,,,
11/28/17,73.8,,,
11/29/17,73.4,,,
11/30/17,74.2,,,
12/1/17,74.8,,,
12/2/17,74.1,,,
12/3/17,76.2,,,
12/4/17,75.9,,,
12/5/17,70.7,,,
12/6/17,73.1,,,
12/7/17,75.1,,,
12/8/17,75.5,,,
12/9/17,75.2,,,
12/10/17,73.5,,,
12/11/17,72,,,
12/12/17,74.3,,,
12/13/17,74.2,,,
12/14/17,74.5,,,
12/15/17,75.8,,,
12/16/17,73.9,,,
12/17/17,72.5,,,
12/18/17,72.3,,,
12/19/17,71,,,
12/20/17,70.9,,,
12/21/17,71.2,,,
12/22/17,72.9,,,
12/23/17,71.7,,,
12/24/17,72.1,,,
12/25/17,72.5,,,
12/26/17,72.6,,,
12/27/17,71.7,,,
12/28/17,69.9,,,
12/29/17,68.9,,,
12/30/17,68.9,,,
12/31/17,70.6,,,
1/1/18,71.3,,,
1/2/18,71.1,,,
1/3/18,72.3,,,
1/4/18,72.2,,,
1/5/18,71,,,
1/6/18,71.3,,,
1/7/18,72.2,,,
1/8/18,69.9,,,
1/9/18,71.2,,,
1/10/18,74.1,,,
1/11/18,78.2,,,
1/12/18,79.2,,,
1/13/18,79.1,,,
1/14/18,77.1,,,
1/15/18,77.6,,,
1/16/18,76.8,,,
1/17/18,76.3,,,
1/18/18,73.6,,,
1/19/18,71.7,,,
1/20/18,72.6,,,
1/21/18,72.8,,,
1/22/18,72,,,
1/23/18,71.1,,,
1/24/18,70.7,,,
1/25/18,72.1,,,
1/26/18,73.9,,,
1/27/18,72.7,,,
1/28/18,75,,,
1/29/18,75.7,,,
1/30/18,74.9,,,
1/31/18,74,,,
2/1/18,74.8,,,
2/2/18,76.3,,,
2/3/18,75.2,,,
2/4/18,75.2,,,
2/5/18,75.6,,,
2/6/18,74.6,,,
2/7/18,69.4,,,
2/8/18,71.3,,,
2/9/18,76.6,,,
2/10/18,75.5,,,
2/11/18,76.6,,,
2/12/18,75.6,,,
2/13/18,76,,,
2/14/18,79,,,
2/15/18,78,,,
2/16/18,78.3,,,
2/17/18,78.4,,,
2/18/18,78.6,,,
2/19/18,78.6,,,
2/20/18,78.8,,,
2/21/18,78.6,,,
2/22/18,78.7,,,
2/23/18,79.3,,,
2/24/18,80.4,,,
2/25/18,80,,,
2/26/18,80.7,,,
2/27/18,81.9,,,
2/28/18,80.8,,,
3/1/18,80.9,,,
3/2/18,81.5,,,
3/3/18,80.4,,,
3/4/18,78.9,,,
3/5/18,81.1,,,
3/6/18,81.9,,,
3/7/18,81.3,,,
3/8/18,80.4,,,
3/9/18,80.4,,,
3/10/18,82.3,,,
3/11/18,83,,,
3/12/18,84,,,
3/13/18,84,,,
3/14/18,83.1,,,
3/15/18,79.2,,,
3/16/18,76.6,,,
3/17/18,78.1,,,
3/18/18,81.2,,,
3/19/18,80.4,,,
3/20/18,82.5,,,
3/21/18,82.8,,,
3/22/18,81.1,,,
3/23/18,81.4,,,
3/24/18,84.2,,,
3/25/18,86.7,,,
3/26/18,86.3,,,
3/27/18,82.5,,,
3/28/18,82.4,,,
3/29/18,83.1,,,
3/30/18,82.9,,,
3/31/18,81.5,,,
4/1/18,84,,,
4/2/18,83.1,,,
4/3/18,83.4,,,
4/4/18,82.4,,,
4/5/18,81.1,,,
4/6/18,80.2,,,
4/7/18,81.9,,,
4/8/18,82.3,,,
4/9/18,84.5,,,
4/10/18,81.1,,,
4/11/18,82,,,
4/12/18,83.7,,,
4/13/18,81,,,
4/14/18,83.7,,,
4/15/18,82.6,,,
4/16/18,82,,,
4/17/18,83.5,,,
4/18/18,84.9,,,
4/19/18,86,,,
4/20/18,84.4,,,
4/21/18,88.4,,,
4/22/18,87.4,,,
4/23/18,84.4,,,
4/24/18,85.5,,,
4/25/18,83.6,,,
4/26/18,84.7,,,
4/27/18,85.8,,,
4/28/18,85.4,,,
4/29/18,84.5,,,
4/30/18,83.8,,,
5/1/18,83.5,,,
5/2/18,83.4,,,
5/3/18,84.4,,,
5/4/18,84.7,,,
5/5/18,84,,,
5/6/18,82,,,
5/7/18,84.4,,,
5/8/18,85.6,,,
5/9/18,85.1,,,
5/10/18,79.2,,,
5/11/18,80.4,,,
5/12/18,79.4,,,
5/13/18,82.9,,,
5/14/18,80.1,,,
5/15/18,79,,,
5/16/18,81.9,,,
5/17/18,80.5,,,
5/18/18,78.4,,,
5/19/18,81.9,,,
5/20/18,81.7,,,
5/21/18,82.5,,,
5/22/18,82.4,,,
5/23/18,82.9,,,
5/24/18,81.6,,,
5/25/18,83.1,,,
5/26/18,84.7,,,
5/27/18,80.6,,,
5/28/18,83.3,,,
5/29/18,82.3,,,
5/30/18,82,,,
5/31/18,82.6,,,
6/1/18,81.2,,,
6/2/18,78.3,,,
6/3/18,77.7,,,
6/4/18,75.4,,,
6/5/18,77,,,
6/6/18,79.4,,,
6/7/18,77,,,
6/8/18,76.3,,,
6/9/18,73,,,
6/10/18,71.6,,,
6/11/18,77.2,,,
6/12/18,78.6,,,
6/13/18,79,,,
6/14/18,79.2,,,
6/15/18,78.6,,,
6/16/18,78.2,,,
6/17/18,75.3,,,
6/18/18,73.5,,,
6/19/18,74.4,,,
6/20/18,74.6,,,
6/21/18,72,,,
6/22/18,73.6,,,
6/23/18,73.2,,,
6/24/18,74.4,,,
6/25/18,73.5,,,
6/26/18,73.8,,,
6/27/18,74.7,,,
6/28/18,73.4,,,
6/29/18,75.2,,,
6/30/18,75.4,,,
7/1/18,77.3,,,
7/2/18,73.7,,,
7/3/18,73.1,,,
7/4/18,75.6,,,
7/5/18,72.3,,,
7/6/18,73.7,,,
7/7/18,73,,,
7/8/18,73.5,,,
7/9/18,74.8,,,
7/10/18,72.4,,,
7/11/18,72,,,
7/12/18,71.7,,,
7/13/18,72.9,,,
7/14/18,73.1,,,
7/15/18,72.6,,,
7/16/18,72.5,,,
7/17/18,72.5,,,
7/18/18,72.7,,,
7/19/18,72.7,,,
7/20/18,72.7,,,
7/21/18,72.3,,,
7/22/18,72.5,,,
7/23/18,72.5,,,
7/24/18,72.6,,,
7/25/18,72.9,,,
7/26/18,72.5,,,
7/27/18,72.4,,,
7/28/18,71.9,,,
7/29/18,75.5,,,
7/30/18,74.3,,,
7/31/18,72.9,,,
8/1/18,73,,,
8/2/18,74.7,,,
8/3/18,74.6,,,
8/4/18,73.5,,,
8/5/18,73.5,,,
8/6/18,72.5,,,
8/7/18,72.4,,,
8/8/18,71.8,,,
8/9/18,73.6,,,
8/10/18,74.9,,,
8/11/18,72.6,,,
8/12/18,71.3,,,
8/13/18,71,,,
8/14/18,72.5,,,
8/15/18,72.1,,,
8/16/18,71.3,,,
8/17/18,72.8,,,
8/18/18,73,,,
8/19/18,73,,,
8/20/18,72.1,,,
8/21/18,71,,,
8/22/18,72.6,,,
8/23/18,73.3,,,
8/24/18,73.4,,,
8/25/18,72.8,,,
8/26/18,73.5,,,
8/27/18,71.4,,,
8/28/18,71.9,,,
8/29/18,72.4,,,
8/30/18,73.7,,,
8/31/18,73.6,,,
9/1/18,72.2,,,
9/2/18,73.7,,,
9/3/18,73.2,,,
9/4/18,72.5,,,
9/5/18,73.6,,,
9/6/18,74.1,,,
9/7/18,72.1,,,
9/8/18,73.5,,,
9/9/18,73.8,,,
9/10/18,74.8,,,
9/11/18,76.8,,,
9/12/18,75.8,,,
9/13/18,74.4,,,
9/14/18,76.5,,,
9/15/18,77.4,,,
9/16/18,81,,,
9/17/18,69.6,,,
9/18/18,78.6,,,
9/19/18,76.7,,,
9/20/18,72.9,,,
9/21/18,74.7,,,
9/22/18,73.8,,,
9/23/18,75.6,,,
9/24/18,68.8,,,
9/25/18,79.1,,,
9/26/18,78.2,,,
9/27/18,76.6,,,
9/28/18,75.4,,,
9/29/18,75.8,,,
9/30/18,78.9,,,
10/1/18,79,,,
10/2/18,77.3,,,
10/3/18,80,,,
10/4/18,79.4,,,
10/5/18,78.4,,,
10/6/18,80.7,,,
10/7/18,80.1,,,
10/8/18,79,,,
10/9/18,79.3,,,
10/10/18,78.3,,,
10/11/18,79.6,,,
10/12/18,80.1,,,
10/13/18,79.6,,,
10/14/18,79.8,,,
10/15/18,79,,,
10/16/18,77.4,,,
10/17/18,73.2,,,
10/18/18,74.8,,,
10/19/18,76.2,,,
10/20/18,77.8,,,
10/21/18,77.2,,,
10/22/18,78.2,,,
10/23/18,76.9,,,
10/24/18,79.2,,,
10/25/18,79.8,,,
10/26/18,78.9,,,
10/27/18,77.4,,,
10/28/18,75.6,,,
10/29/18,74.5,,,
10/30/18,73.9,,,
10/31/18,75.6,,,
11/1/18,75.7,,,
11/2/18,76.9,,,
11/3/18,77.6,,,
11/4/18,80.2,,,
11/5/18,80,,,
11/6/18,79.3,,,
11/7/18,79.9,,,
11/8/18,78.8,,,
11/9/18,77.8,,,
11/10/18,77.6,,,
11/11/18,78,,,
11/12/18,75.6,,,
11/13/18,75.2,,,
11/14/18,74.2,,,
11/15/18,74.9,,,
11/16/18,77.2,,,
11/17/18,,,,
11/18/18,,,,
11/19/18,,,,
11/20/18,,,,
11/21/18,,,,
11/22/18,,,,
11/23/18,78.2,,,
11/24/18,76.8,,,
11/25/18,75.4,,,
11/26/18,74.6,,,
11/27/18,72.3,,,
11/28/18,72.2,,,
11/29/18,72.6,,,
11/30/18,74.6,,,
12/1/18,74.3,,,
12/2/18,72.1,,,
12/3/18,73.5,,,
12/4/18,75.8,,,
12/5/18,77.1,,,
12/6/18,76.2,,,
12/7/18,76.8,,,
12/8/18,77.3,,,
12/9/18,76,,,
12/10/18,75.7,,,
12/11/18,73.1,,,
12/12/18,72.9,,,
12/13/18,72.2,,,
12/14/18,73.7,,,
12/15/18,71.6,,,
12/16/18,70.3,,,
12/17/18,68.3,,,
12/18/18,67.6,,,
12/19/18,67.5,,,
12/20/18,70.6,,,
12/21/18,73,,,
12/22/18,74.1,,,
12/23/18,74.7,,,
12/24/18,75.9,,,
12/25/18,76.3,,,
12/26/18,75.6,,,
12/27/18,74.9,,,
12/28/18,70.3,,,
12/29/18,70.8,,,
12/30/18,70.2,,,
12/31/18,69.6,,,
1/1/19,70.8,,,
1/2/19,70.8,,,
1/3/19,72.2,,,
1/4/19,71,,,
1/5/19,72.7,,,
1/6/19,71.2,,,
1/7/19,71.7,,,
1/8/19,72.1,,,
1/9/19,72,,,
1/10/19,72.2,,,
1/11/19,71.7,,,
1/12/19,72.4,,,
1/13/19,73.7,,,
1/14/19,73.2,,,
1/15/19,73.2,,,
1/16/19,72.8,,,
1/17/19,73.1,,,
1/18/19,74.4,,,
1/19/19,73.6,,,
1/20/19,73.4,,,
1/21/19,73.4,,,
1/22/19,70.5,,,
1/23/19,71.5,,,
1/24/19,72,,,
1/25/19,70.5,,,
1/26/19,70.5,,,
1/27/19,69,,,
1/28/19,69.6,,,
1/29/19,71.4,,,
1/30/19,69.3,,,
1/31/19,72.5,,,
2/1/19,73.2,,,
2/2/19,74.4,,,
2/3/19,73.9,,,
2/4/19,76.2,,,
2/5/19,74.6,,,
2/6/19,77.4,,,
2/7/19,76.8,,,
2/8/19,74.5,,,
2/9/19,72.6,,,
2/10/19,75.5,,,
2/11/19,78.8,,,
2/12/19,80.6,,,
2/13/19,79.6,,,
2/14/19,78.8,,,
2/15/19,77.6,,,
2/16/19,77,,,
2/17/19,74.8,,,
2/18/19,73.6,,,
2/19/19,77.4,,,
2/20/19,79.7,,,
2/21/19,81,,,
2/22/19,82,,,
2/23/19,83.8,,,
2/24/19,82.2,,,
2/25/19,81.5,,,
2/26/19,78.2,,,
2/27/19,75.3,,,
2/28/19,75,,,
3/1/19,73.4,,,
3/2/19,78.7,,,
3/3/19,78.5,,,
3/4/19,79.5,,,
3/5/19,77.2,,,
3/6/19,76.4,,,
3/7/19,75.3,,,
3/8/19,81,,,
3/9/19,81.7,,,
3/10/19,82.6,,,
3/11/19,80.1,,,
3/12/19,81.8,,,
3/13/19,81.7,,,
3/14/19,83.3,,,
3/15/19,83.9,,,
3/16/19,84.6,,,
3/17/19,82.7,,,
3/18/19,82.7,,,
3/19/19,81.5,,,
3/20/19,80.1,,,
3/21/19,80.6,,,
3/22/19,83.2,,,
3/23/19,84.4,,,
3/24/19,84.8,,,
3/25/19,82.1,,,
3/26/19,83.8,,,
3/27/19,80,,,
3/28/19,83.9,,,
3/29/19,82.5,,,
3/30/19,80.6,,,
3/31/19,80.8,,,
4/1/19,83.9,,,
4/2/19,83.8,,,
4/3/19,84.7,,,
4/4/19,82.2,,,
4/5/19,76.6,,,
4/6/19,83.9,,,
4/7/19,85.1,,,
4/8/19,84.7,,,
4/9/19,82.4,,,
4/10/19,85.1,,,
4/11/19,85.6,,,
4/12/19,85.4,,,
4/13/19,85.4,,,
4/14/19,83.4,,,
4/15/19,83.5,,,
4/16/19,80.1,,,
4/17/19,82.7,,,
4/18/19,83.6,,,
4/19/19,84.2,,,
4/20/19,84.8,,,
4/21/19,82,,,
4/22/19,85.4,,,
4/23/19,87,,,
4/24/19,88,,,
4/25/19,88.7,,,
4/26/19,86.9,,,
4/27/19,81.8,,,
4/28/19,84.8,,,
4/29/19,83.5,,,
4/30/19,81.8,,,
5/1/19,80.7,,,
5/2/19,79.7,,,
5/3/19,78.8,,,
5/4/19,79.6,,,
5/5/19,82.1,,,
5/6/19,84.3,,,
5/7/19,81.9,,,
5/8/19,81.4,,,
5/9/19,81.7,,,
5/10/19,83.9,,,
5/11/19,85.5,,,
5/12/19,85.9,,,
5/13/19,84.7,,,
5/14/19,84.9,,,
5/15/19,84.5,,,
5/16/19,73.1,,,
5/17/19,,,,
5/18/19,,,,
5/19/19,,,,
5/20/19,88.7,,,
5/21/19,84.6,,,
5/22/19,85.6,,,
5/23/19,85.6,,,
5/24/19,82.6,,,
5/25/19,85.7,,,
5/26/19,84.1,,,
5/27/19,84.8,,,
5/28/19,85.9,,,
5/29/19,84.4,,,
5/30/19,83.8,,,
5/31/19,84.1,,,
6/1/19,82.1,,,
6/2/19,83.4,,,
6/3/19,79.2,,,
6/4/19,80.3,,,
6/5/19,85,,,
6/6/19,81,,,
6/7/19,82.2,,,
6/8/19,82.8,,,
6/9/19,83.7,,,
6/10/19,82.9,,,
6/11/19,78.1,,,
6/12/19,74.7,,,
6/13/19,76.2,,,
6/14/19,76.6,,,
6/15/19,78.4,,,
6/16/19,80.2,,,
6/17/19,80.1,,,
6/18/19,79.5,,,
6/19/19,78.7,,,
6/20/19,77.2,,,
6/21/19,76.9,,,
6/22/19,76,,,
6/23/19,74.5,,,
6/24/19,76.6,,,
6/25/19,76.8,,,
6/26/19,75.7,,,
6/27/19,75,,,
6/28/19,72.7,,,
6/29/19,71,,,
6/30/19,70.8,,,